"1","Акции","скидки"
"1","Акции","скидки, ассортимент"
"1","Акции","скидки, акции"
"1","Акции","акции"
"1","Акции","акции"
"1","Акции","акции"
"1","Акции","акции"
"1","Акции","Много магазинов по городу, акции на товары хорошие"
"1","Акции","Скидки, акции"
"1","Акции","Акции, удобное расположение"
"1","Акции","Есть хорошие акции"
"1","Акции","Берём товар по акции (акции)"
"1","Акции","Всегда есть скидки"
"1","Акции","Есть акции, ассортимент расширить"
"1","Акции","Много товаров со скидкой, но не говорят, что можно пользоваться копилкой"
"1","Акции","Мало акций, чем в аллее, например"
"1","Акции","Акции проходят иногда"
"1","Акции","Скидки, акции"
"1","Акции","Хотелось бы больше акций"
"1","Акции","Акции и приятные цены"
"1","Акции","Хорошие акции и расположен удобно"
"1","Акции","Больше акций"
"1","Акции","Акций больше цены снизить"
"1","Акции","Есть товар с акциями, расположен удобно, ассортимент хороший"
"1","Акции","Есть акции, ассортимент хороший"
"1","Акции","Есть скидки и цены приемлемые, есть и даже низкие"
"1","Акции","Мало акций"
"1","Акции","Постоянные акции"
"1","Акции","Много акций, но так дороговато"
"1","Акции","Акции, но не на все они есть"
"1","Акции","Акции, цены дорогие"
"1","Акции","Скидки большие, на любой кошелек"
"1","Акции","Акции, большой ассортимент"
"1","Акции","Нет скидок на подсолнечное масло"
"1","Акции","Акции"
"1","Акции","Скидки и качество товара"
"1","Акции","Товары по акции"
"1","Акции","Акции"
"1","Акции","Прихожу крайне редко, берём по акции их много это и нравится"
"1","Акции","Есть акции приятные цены местами ниже чем в ленте"
"1","Акции","Бываю редко, но нравится ассортимент и акции"
"1","Акции","Покупаю по акциям товар их тут много"
"1","Акции","Побольше акций хотелось бы"
"1","Акции","Скидки, ассортимент"
"1","Акции","Постоянно скидки есть"
"1","Акции","Беру по акции очень нравится, хорошие овощи"
"1","Акции","Хожу исключительно редко, берём по акции"
"1","Акции","Отличные акции и ассортимент"
"1","Акции","Акции очень нравятся"
"1","Акции","Мало акций, хотелось бы к новому году больше"
"1","Акции","Одинаковые акции"
"1","Акции","Хорошие акции"
"1","Акции","Без акции дорого"
"1","Акции","Нравятся акции, чисто"
"1","Акции","Без акции дорого"
"1","Акции","Всегда много акций"
"1","Акции","Хотелось бы побольше акций"
"2","Ассортимент","Расширить ассортимент"
"2","Ассортимент","Прекрасный ассортимент и цены не высокие"
"2","Ассортимент","Есть все что нужно, есть акции"
"2","Ассортимент","Хороший ассортимент акции"
"2","Ассортимент","Вкусные салаты, булочки, хороший выбор мяса"
"2","Ассортимент","Хороший ассортимент, но без карты дорого"
"2","Ассортимент","Расположение удобное, ассортимент расширить"
"2","Ассортимент","Ассортимент, акции"
"2","Ассортимент","Хороший выбор алкогольной продукции Регулярные акции"
"2","Ассортимент","Шикарный ассортимент"
"2","Ассортимент","Есть все что нужно и рядом с домом"
"2","Ассортимент","Прекрасный выбор фруктов, бытовая химии"
"2","Ассортимент","Радует ассортимент и скидки"
"2","Ассортимент","Хороший ассортимент, цены каки везде приемлемые"
"2","Ассортимент","Ассортимент расширить, магазин маленький"
"2","Ассортимент","Ассортимент и расположение удобное"
"2","Ассортимент","Хороший ассортиментБывают очереди на кассе"
"2","Ассортимент","Хороший ассортиментКачество не всегда устраивает"
"2","Ассортимент","Хороший ассортиментскидки по карте"
"2","Ассортимент","Выбор, цена"
"2","Ассортимент","Выбора большой, цена, можно купить все в одном месте"
"2","Ассортимент","Ассортимент и цены"
"2","Ассортимент","Ассортимент"
"2","Ассортимент","Хороший выбор товара, большой ассортимент"
"2","Ассортимент","Мало выбора, есть дешёвые товары"
"2","Ассортимент","Захожу за сигаретами"
"2","Ассортимент","Хороший ассортимент, доступность товара"
"2","Ассортимент","Маленький ассортимент"
"2","Ассортимент","Широкий ассортимент, снаружи правда выглядит не очень"
"2","Ассортимент","Мал ассортимент растительного масла"
"2","Ассортимент","Большой выбор и цены нормальные"
"2","Ассортимент","Все есть"
"2","Ассортимент","Все можно купить в одном месте"
"2","Ассортимент","Отличный выбор фруктов и конфет"
"2","Ассортимент","Выбор большой, цены приемлемые"
"2","Ассортимент","Выбора нет, нет разнообразия"
"2","Ассортимент","Ассортимент, цены"
"2","Ассортимент","Беру маленьким Детям йогурты"
"2","Ассортимент","Нет некоторых марок производители"
"2","Ассортимент","Слабый ассортимент, но для данного магазина подходит"
"2","Ассортимент","Мало выбора рыбы замороженной"
"2","Ассортимент","Ограниченный выбор"
"2","Ассортимент","Увеличить ассортимент посуды и промтоваров"
"2","Ассортимент","Хороший выбор и цены"
"2","Ассортимент","Маленький ассортимент рыбы с/м"
"2","Ассортимент","Все, что нужно, здесь есть"
"2","Ассортимент","Все можно купить в одном месте"
"2","Ассортимент","Все покупаю здесь, особенно фрукты"
"2","Ассортимент","Все покупаю здесь"
"2","Ассортимент","Достаточно ассортимента, цены устраивают"
"2","Ассортимент","Разнообразить ассортимент и бывает что цена не соответствует качеству"
"2","Ассортимент","Хороший ассортимент, уровень цен приемлемый"
"2","Ассортимент","Мне нравится этот магазин, всегда всё есть, что необходимо"
"2","Ассортимент","Всегда всё есть"
"2","Ассортимент","Товара много всегда"
"2","Ассортимент","Хороший выбор"
"2","Ассортимент","Ассортимент хороший Внешний вид оставляет желать лучшего"
"2","Ассортимент","Ассортимент не очень, внешний вид магазина хуже некуда Девочки хорошие"
"2","Ассортимент","Дешевле, ассортимент большой"
"2","Ассортимент","Отличная выкладка товара"
"2","Ассортимент","Все можно купить"
"2","Ассортимент","Ассортимент"
"2","Ассортимент","Выбор фров хороший"
"2","Ассортимент","Хороший выбор"
"2","Ассортимент","Ассортимент и цены"
"2","Ассортимент","Выбор и цены"
"2","Ассортимент","Ассортимент, качество товара"
"2","Ассортимент","Хороший ассортимент"
"2","Ассортимент","Есть все что нужно"
"2","Ассортимент","Хороший выбор и цены, "
"2","Ассортимент","Достаточный ассортимент"
"2","Ассортимент","Хороший ассортимент цены приемлемые, хотелось бы больше акций"
"2","Ассортимент","Приходим сюда часто есть что нужно и дёшево"
"2","Ассортимент","Есть ассортимент хороший и цены ниже чем в другом магазине"
"2","Ассортимент","Хороший ассортимент и уровень цены"
"2","Ассортимент","Хороший ассортимент"
"2","Ассортимент","Расшир ассортимент в овощах и фруктах, цена не соответствует качеству товара"
"2","Ассортимент","Полность нравится и цены хорошие и ассортимент и возле дома магазин"
"2","Ассортимент","Желательно шире ассортимент"
"2","Ассортимент","Ассортимена достаточно, цены приемлемые"
"2","Ассортимент","Хорошее расположение, хотелось бы больше овощей и фруктов"
"2","Ассортимент","Магазин просторный с хорошим ассортиментом"
"2","Ассортимент","Хотелось бы увеличить ассортимент"
"2","Ассортимент","Увеличить колбасный ассортимент"
"2","Ассортимент","Ассортимент маленький"
"2","Ассортимент","Маленький ассортимент, командор был лучше"
"2","Ассортимент","Хороший ассортимент, не большой магазин не нужно ходить долго"
"2","Ассортимент","Хороший ассортимент"
"2","Ассортимент","Расположен рядом, хороший ассортимент, цены приемлемые"
"2","Ассортимент","Большой ассортимент, выбор овощей и фруктов"
"2","Ассортимент","Товары первой необходимости есть, цены приемлемые"
"2","Ассортимент","Расширить ассортимент и перед праздниками время работы"
"2","Ассортимент","Просторный магазин, хороший ассортимент, возле дома"
"2","Ассортимент","Большой выбор в ассортименте и цены низкие"
"2","Ассортимент","Бываем тут частно, ассортимент и цены приводят сюда"
"2","Ассортимент","Хороший ассортимент, приемлемые цены"
"2","Ассортимент","Большой ассортимент и цены низкие"
"2","Ассортимент","Хороший большой ассортимент, цены приемлемые"
"2","Ассортимент","Большой ассортимент с низкими ценами"
"2","Ассортимент","Увеличить ассортимент"
"2","Ассортимент","Вежливый персонал, хороший ассортимент"
"2","Ассортимент","Увеличить ассортмен"
"2","Ассортимент","Увеличить ассортимент в приправах"
"2","Ассортимент","Расширить ассортимент с мясом"
"2","Ассортимент","Ассортимента достаточно, расположен возле дома"
"2","Ассортимент","Расширить ассортимент в мясной продукции"
"2","Ассортимент","Расширить ассортимент в алкогольной продукции"
"2","Ассортимент","Приходим сюда из за определенного ассортимента"
"2","Ассортимент","Расширить ассортимент"
"2","Ассортимент","Хороший ассортимент"
"2","Ассортимент","Есть товар первой необходимости"
"2","Ассортимент","Есть всё необходимое рядом с домом"
"2","Ассортимент","Хороший выбор канфет"
"2","Ассортимент","Маленький ассортимент, качество хорошее"
"2","Ассортимент","Большой, просторный, много еды, большой ассортимент"
"2","Ассортимент","Большой ассортимент, хорошие цены"
"2","Ассортимент","Много товара, все в одном месте"
"2","Ассортимент","Много что есть, некоторые товары дороже чем в других магазинах"
"2","Ассортимент","Большой выбор"
"2","Ассортимент","Большой выбор"
"2","Ассортимент","Хороший ассортимент товара"
"2","Ассортимент","Большой ассортимент продуктов и нормальные цены"
"2","Ассортимент","Большой ассортимент, все можно взять и скидки"
"2","Ассортимент","Огромный выбор свежих фруктов"
"2","Ассортимент","Все есть"
"2","Ассортимент","Я учусь рядом и в магазин хочу по потребности, хороший большой ассортимент"
"2","Ассортимент","Много выбора"
"2","Ассортимент","Ассортимент товара"
"2","Ассортимент","Хотелось бы больше хороших подарков к новому году и качественного дорогого товара на стол"
"2","Ассортимент","Приемлемые цены, хороший ассортимент"
"2","Ассортимент","Есть из чего выбирать, цены средние"
"2","Ассортимент","Хороший ассортимент"
"2","Ассортимент","Большой выбор товара, но чего то нет"
"2","Ассортимент","Много выбора, рядом с домом, выгоднее по ценам"
"2","Ассортимент","Большой ассортимент, есть акции приятные"
"2","Ассортимент","Нравится выбор товаров"
"2","Ассортимент","Все есть, акции"
"2","Ассортимент","Уменьшился ассортимент"
"2","Ассортимент","Ассортимент товара"
"2","Ассортимент","Хороший ассортимент, очередей на кассе нет"
"2","Ассортимент","Не один год тут отовариваться, хороший ассортимент, средние цены"
"2","Ассортимент","Магазин хороший, все можно купить в одном месте"
"2","Ассортимент","Всегда здесь закупаемся"
"2","Ассортимент","Большой ассортимент, невысокие цены, быстрая реакция на праздник"
"2","Ассортимент","Большой выбор"
"2","Ассортимент","Большой просторный магазин с хорошим ассортиментом"
"2","Ассортимент","Большой ассортимент, гипер расположен рядом с домом"
"2","Ассортимент","Большой ассортимент товара"
"2","Ассортимент","Большой ассортимент, хороший товар"
"2","Ассортимент","Большой ассортимент, закупаемся раз в неделю, очень нравятся акции"
"2","Ассортимент","Хороший ассортимент и просторный магазин"
"2","Ассортимент","Хороший большой магазин с большим ассортиментом"
"2","Ассортимент","Бываю редко, но большой ассортимент нас и приводит сюда"
"2","Ассортимент","Приходу исключительно только сюда, свежие овощи и фрукты, свежее мясо"
"2","Ассортимент","Прекрасный магазин с прекрасным ассортиментом и ценами"
"2","Ассортимент","Большой ассортимент в магазине и расположен рядом с домом"
"2","Ассортимент","Приезжаем из за ассортимента большой"
"2","Ассортимент","В магазине есть практически все что нужно"
"2","Ассортимент","Отличный ассортимент"
"2","Ассортимент","Хороший ассортимент, акции"
"2","Ассортимент","Ассортимент, акции хорошие"
"2","Ассортимент","Есть все нужно в одном месте"
"2","Ассортимент","Широкий ассортимент товаров"
"2","Ассортимент","Большой ассортимент"
"2","Ассортимент","Выбор большой"
"2","Ассортимент","Часто сюда хожу, потому что большой выбор"
"2","Ассортимент","Ассортимент, цены"
"2","Ассортимент","Выбор хороший"
"2","Ассортимент","Выбор большой товара"
"2","Ассортимент","Товара много, качественный"
"2","Ассортимент","Все сразу есть Мало касс работает, нет выбора колбасных изделий"
"2","Ассортимент","Большой выбор"
"2","Ассортимент","Ассортимент"
"2","Ассортимент","Ассортимент хороший"
"2","Ассортимент","Большой ассортимент"
"2","Ассортимент","Все что надо можно купить"
"2","Ассортимент","Хороший ассортимент"
"2","Ассортимент","Ассортимент большой"
"2","Ассортимент","Ассортимент хороший, акции есть"
"2","Ассортимент","Большой ассортимент хороший магазин"
"2","Ассортимент","Большой ассортимент, нравится карта лояльности акции по ней"
"2","Ассортимент","Далеко от дома, но большой ассортимент"
"2","Ассортимент","Большой ассортмен"
"2","Ассортимент","Большой ассортимент, приемлемые цены"
"2","Ассортимент","Большой ассортимент, хороший магазин"
"2","Ассортимент","Большой ассортимент, приемлемые цены"
"2","Ассортимент","Очень много товара, много новогодних товаров что радует"
"2","Ассортимент","Большой ассортимент, хорошие цены"
"2","Ассортимент","Отличный магазин большой, ассортимент хороший"
"2","Ассортимент","Ассортимент в алкогольной продукции расширить в игристых винах"
"2","Ассортимент","Большой ассортимент и расположение близко к дому"
"2","Ассортимент","Большой ассортимент много акций"
"2","Ассортимент","Хорошо расположен что в Тц, все сразу что нужно можно приобрести"
"2","Ассортимент","Большой ассортимент, живу рядом"
"2","Ассортимент","Большой ассортимент"
"2","Ассортимент","Большой выбор, цены высоковаты"
"2","Ассортимент","Большой ассортимент близко к дому"
"2","Ассортимент","Большой ассортимент"
"2","Ассортимент","Хороший ассортимент"
"2","Ассортимент","Большой ассортимент"
"2","Ассортимент","Хороший ассортимент"
"2","Ассортимент","Большой ассортимент, цены высокие"
"2","Ассортимент","Хороший выбор детского питания, и товаров для детейСкидки"
"2","Ассортимент","Хороший ассортимент, качество товара, но дороговато"
"2","Ассортимент","Хороший выбор мясной продукции"
"2","Ассортимент","Хороший выбор фруктов Очереди"
"3","Доступность","Доступно, не дорого, вкусно"
"3","Доступность","Расположение удобное, приемлемые цены, есть самообслуживание"
"3","Доступность","Находится рядом, умеренные цены"
"3","Доступность","Очень удобно что возле дома расположен"
"3","Доступность","Расположен удобно"
"3","Доступность","Живём рядом, частые акции"
"3","Доступность","Удобное расположение"
"3","Доступность","Близко к дому расположен"
"3","Доступность","Расположение удобное"
"3","Доступность","Хорошее обслуживание и удобно по пути"
"3","Доступность","Расположен удобно"
"3","Доступность","Удобное расположение"
"3","Доступность","Хорошее обслуживание, расположен возле дома"
"3","Доступность","Расположен удобно, ноМагазин не большой проходы узкие не удобно "
"3","Доступность","То что возле дома очень нравится, есть акции"
"3","Доступность","Возле дома магазин, цены нормальные, ассортимента достаточно"
"3","Доступность","Расположение удобно"
"3","Доступность","Потому что возле дома, и акции на товар"
"3","Доступность","По пути с работы удобно"
"3","Доступность","Возле дома"
"3","Доступность","Рядом с домом Низкие цены"
"3","Доступность","Живём рядом, все есть"
"3","Доступность","Рядом с работой Прекрасный не дорогой магазин"
"3","Доступность","Близко от дома"
"3","Доступность","Близко расположен"
"3","Доступность","По пути"
"3","Доступность","Удаленность"
"3","Доступность","Близко к дому находится"
"3","Доступность","Рядом живу"
"3","Доступность","Находится по пути на работу"
"3","Доступность","Недалеко находится"
"3","Доступность","Далеко расположен"
"3","Доступность","Тяжело найти магазин, неприметная вывеска"
"3","Доступность","Очень редко бываю в этом магазине"
"3","Доступность","Рядом живу"
"3","Доступность","Рядом, хороший ассортимент"
"3","Доступность","Доступность, рядом с домом"
"3","Доступность","Рядом с домом"
"3","Доступность","Рядом с домом"
"3","Доступность","Рядом с домом"
"3","Доступность","Место расположения"
"3","Доступность","Обычный магазин, хожу каждый день почти, около дома"
"3","Доступность","Рядом находится"
"3","Доступность","Расположен рядом с домом"
"3","Доступность","Близость к дому"
"3","Доступность","Хороший ассортимент, удачное расположение"
"3","Доступность","Живу через дорогу"
"3","Доступность","Удобное расположение товаров в тз"
"3","Доступность","Работаю в этом ТЦ, часто прихожу"
"3","Доступность","Часто бываю, работаю рядом"
"3","Доступность","Расположение рядом с домом"
"3","Доступность","Живём рядом, качество товара хорошее"
"3","Доступность","Живём рядом, цены местами радуют"
"3","Доступность","Живу в этом доме очень комфортно приходить сюда"
"3","Доступность","Живу рядом хорошее расположение"
"3","Доступность","Мне как пенсионерки очень удобно сюда ходить, близко к дому и цены приятные"
"3","Доступность","Живу в этом доме очень близко и удобно"
"3","Доступность","Далеко от дома расположен"
"3","Доступность","Живём рядом, цены и достаточно ассортимента"
"3","Доступность","Живём рядом, все что нужно есть в магазине"
"3","Доступность","Хожу каждый день сюда, живу в этом доме расположение очень нравится цены средние хотелось бы ниже"
"3","Доступность","Все знают, все ходят"
"3","Доступность","Только сюда ходим"
"3","Доступность","Всегда здесь, рядом с домом"
"3","Доступность","Редко бываю, чистенько, аккуратно"
"3","Доступность","Самый близкий магазин, тесновато"
"3","Доступность","Все сюда ходят"
"3","Доступность","Близко, всё есть"
"3","Доступность","Ассортимент хороший, близко к дому"
"3","Доступность","Живу в этом доме, ассортимент большой"
"3","Доступность","Не совсем рядом"
"3","Доступность","Рядом с домом, ассортимент хороший"
"3","Доступность","Редко тут бываю, все друзья знают о этом магазине"
"3","Доступность","Уже все знают о магазине"
"3","Доступность","Редко бываю"
"3","Доступность","Рядом с домом, лояльные цены"
"3","Доступность","Меняется расположение товара"
"3","Доступность","Рядом живу"
"3","Доступность","Рядом, все можно купить"
"3","Доступность","Хорошее обслуживание и близкое расположение к дому"
"3","Доступность","Расположение к дому"
"3","Доступность","Проживаю рядом, расположение"
"3","Доступность","После перестановки все чисто, расположение к дому рядом"
"3","Доступность","Живу далеко, тут бываю редко"
"3","Доступность","Далеко от дома"
"3","Доступность","Хорошее расположение, хороший ассортимент"
"3","Доступность","Расположение удачное к дому рядом, цены приемлемые"
"3","Доступность","Хожу сюда по пути на работу, приемлемые цены"
"3","Доступность","Далеко от дома, очередь на кассе часто"
"3","Доступность","Расположен с домом"
"3","Доступность","Приятные цены, расположение магазина рядом с домом"
"3","Доступность","Живу в этом доме, очень удобно и цены хорошие"
"3","Доступность","Живу в этом доме расположение отличное, но хотелось бы больше акций"
"3","Доступность","Расположение, живём дальше"
"3","Доступность","Очень редко бываем тут, расположен далеко от дома"
"3","Доступность","Живём близко, цены хорошие"
"3","Доступность","Расположение к дому, приемлемые цены"
"3","Доступность","Расположение с домом рядом"
"3","Доступность","Расположение к дому, цены хорошие"
"3","Доступность","Расположение близко к дому, хорошие цены"
"3","Доступность","Рядом возле дома и цены устраивают"
"3","Доступность","Расположен к дому цены хорошие, качество товара не всегда хорошее"
"3","Доступность","Мне нравятся цены и близко к дому, девочки хорошо обслуживают"
"3","Доступность","Живу рядом, большой ассортимент"
"3","Доступность","Отличное расположение близко к дому"
"3","Доступность","Расположен возле дома и ассортимента много"
"3","Доступность","Я работаю рядом, что нужно всегда тут есть"
"3","Доступность","Живу рядом расположение отличное и ассортимента много"
"3","Доступность","Живу рядом очень близко к дому расположен"
"3","Доступность","Далеко от дома расположен"
"3","Доступность","Как для пенсионера мне удобно возле дома и цены приемлемые"
"3","Доступность","Далеко от дома захожу по пути"
"3","Доступность","Рядом с домом, все необходимое есть"
"3","Доступность","Расположен близко к дому"
"3","Доступность","Близко к дому и достаточный ассортимент"
"3","Доступность","Живу рядом расположение отличное, есть все что нужно"
"3","Доступность","Расположен возле дома"
"3","Доступность","Далеко от дома цены высокие"
"3","Доступность","Расположен дальше от дома"
"3","Доступность","Расположен далеко от дома, цены выше чем в батоне"
"3","Доступность","Близко к дому хорошее обслуживание"
"3","Доступность","Рядом с домом расположен"
"3","Доступность","Очень близко к дому, цены приемлемые"
"3","Доступность","Живу в этом доме расположение очень удобное"
"3","Доступность","Близкое расположение к дому"
"3","Доступность","Рядом с домом"
"3","Доступность","Живём рядом расположение хорошее"
"3","Доступность","Расположение далеко от дома"
"3","Доступность","Возле дома расположен, есть все что нужно, цены хорошие"
"3","Доступность","Расположен рядом"
"3","Доступность","Расположение далеко от дома"
"3","Доступность","Рядом возле дома"
"3","Доступность","Расположен не удобно"
"3","Доступность","Далеко от дома, этот магазин мне нравится больше чем другие"
"3","Доступность","Удобное расположение по пути домой"
"3","Доступность","Расположение магазина по пути"
"3","Доступность","Расположение далеко от дома, но магазин хороший с низкими ценами нам не проблема приехать"
"3","Доступность","Расположен далеко от дома"
"3","Доступность","Заезжаю только когда на машине, на автобусе не удобнохорошиф ассортимент и приятные цены"
"3","Доступность","Заезжаем часто, нам удобно есть все то что нужно"
"3","Доступность","Расположение удобное"
"3","Доступность","Мы проездом заезжаем, акции очень хорошие, ассортимент достаточно"
"3","Доступность","Близко к дому, низкие цены"
"3","Доступность","Больше акций снизить цены, но расположение удобное возле дома"
"3","Доступность","Расположение удобное"
"3","Доступность","Живу не тут, заезжаем по пути низкие цены большой ассортимент"
"3","Доступность","Близкое расположение"
"3","Доступность","Расположение удобное близко с домом"
"3","Доступность","Приемлемые цены И расположение близко к дому"
"3","Доступность","Расположение хорошее"
"3","Доступность","Хорошее расположение, низкие цены"
"3","Доступность","Хорошее обслуживание, расположен далеко от дома заезжаем по пути"
"3","Доступность","По пути, чистый магазин и достаточно ассортимента"
"3","Доступность","Расположение магазина удобное"
"3","Доступность","По пути хорошее расположение, приемлемые цены"
"3","Доступность","Удобно по пути"
"3","Доступность","Расположение удобное, низкие цены"
"3","Доступность","По пути, и цены приемлемые"
"3","Доступность","Расположен удобно возле дома"
"3","Доступность","Есть все что нужно, расположение не удобное"
"3","Доступность","Расположен далеко от дома"
"3","Доступность","Приемлемые цены и расположение близкое к дому"
"3","Доступность","Расположен далеко, но лучше чем на корнетова"
"3","Доступность","Удобно с работы заходить и бывает народ и работае один кассир"
"3","Доступность","Лучше чем командор, хорошее расположение и цены"
"3","Доступность","Близкое расположение к дому"
"3","Доступность","Возле дома, есть все что нужно и цены на некоторый товар дешевле"
"3","Доступность","Хожу сюда по пути с работы, хороший ассортимент"
"3","Доступность","Рядом с домом"
"3","Доступность","Живём рядом"
"3","Доступность","Хорошо расположен"
"3","Доступность","Расположение магазина, живу рядом качество обслуживания девочек"
"3","Доступность","Удобно по пути на работу, цены высокие товар беру только по акции"
"3","Доступность","По пути домой очень удобно заезжать"
"3","Доступность","Хороший ассортимент и качество товара, от дома далекозаезжаем только по пути и надобности"
"3","Доступность","Удобно расположен, часто акции, ассортимент разнообразие"
"3","Доступность","Рядом с домом, все есть"
"3","Доступность","Удобное расположение, так как работаю в Тц"
"3","Доступность","Близко находится"
"3","Доступность","Расположение не удобное, живу далеко "
"3","Доступность","Из за введение в Тц кодов, стали посещать редко магазин"
"3","Доступность","Рядом живу"
"3","Доступность","Расположение магазина"
"3","Доступность","Бываю редко так как живу далеко"
"3","Доступность","Расположение магазина, большой ассортимент приходу сюда так как учусь рядом"
"3","Доступность","Неподалеку живу"
"3","Доступность","Удобно расположен"
"3","Доступность","Уровень цен, расположение близко к дому"
"3","Доступность","Захожу сюда после работы, от дома далеко, перестановка в магазине не устраивает"
"3","Доступность","Живу рядом ассортимент большой"
"3","Доступность","Сама хожу"
"3","Доступность","Магазин далеко от дома бываем редко тут"
"3","Доступность","От дома далеко, цены высокие"
"3","Доступность","Ассортимент товара, находится рядом возле работы по пути домой удобно заходить"
"3","Доступность","Бываю часто и расположение хорошее и ассортимент"
"3","Доступность","Расположение хорошее рядом возле дома"
"3","Доступность","Расположение рядом с домом"
"3","Доступность","Редко бываю в данном магазине, расположение далеко от дома"
"3","Доступность","Рядом возле дома расположен, ассортимент хороший и цены"
"3","Доступность","Хорошее расположение, хороший и большой ассортимент"
"3","Доступность","Всегда сюда хожу"
"3","Доступность","Далёко от дома"
"3","Доступность","Нет других магазинов"
"3","Доступность","Живу рядом приходу часто, хороший ассортимент"
"3","Доступность","Расположение хорошее, все есть из нужного"
"3","Доступность","Работаю в Тц очень удобно"
"3","Доступность","Далеко от дома, так как я пенсионер для меня цены высокие"
"3","Доступность","Приемлемые цены, большой ассортимент"
"3","Доступность","Бываю частно, нравятся акции, большой ассортимент и расположение магазина"
"3","Доступность","Работаю в Тц, хорошо расположен и есть что покушать горячего"
"3","Доступность","Живём рядом расположение и ассортимент большой"
"3","Доступность","Вежливый персонал, расположение хорошее так как работаю в данном тц"
"3","Доступность","Хожу каждый день, хорошее расположение близко к дому"
"3","Доступность","Время работы, так же расположение удобно подъехать"
"3","Доступность","Расположение хорошее, рядом с домом"
"3","Доступность","Живём рядом"
"3","Доступность","Живём рядом"
"3","Доступность","Работаю рядом по пути"
"3","Доступность","По пути живём рядом"
"3","Доступность","Рядом с домом, ассортимент широкий"
"3","Доступность","Удобно рядом с работой"
"3","Доступность","Далеко от дома"
"3","Доступность","Рядом с домом, дороговато"
"3","Доступность","Мы всегда сюда ездим"
"3","Доступность","От дома далеко, цены высоковаты"
"3","Доступность","Живу рядом, расположение магазина"
"3","Доступность","Расположение хорошее, рядом с домом"
"3","Доступность","Рядом с домом, приемлемые цены, хороший большой ассортимент"
"3","Доступность","Работаю в Тц, очень хорошо что расположен тут и есть все что нужно"
"3","Доступность","Ассортимент достаточно большой, ходим сюда так как расположение близко к дому"
"3","Доступность","Расположение далеко от дома"
"3","Доступность","Близкое расположение, ассортимент большой"
"3","Доступность","Расположен далеко от дома"
"3","Доступность","Расположение возле дома"
"3","Доступность","Живём рядом, большой просторный магазин с большим ассортиментом"
"3","Доступность","Рядом с домом расположен"
"3","Доступность","Расположен далеко от места проживания"
"3","Доступность","Живу рядом, хожу всегда только сюда, большой ассортимент, приемлемые цены и акции"
"3","Доступность","Чистый, просторный, большой ассортимент, расположение к дому близкое"
"3","Доступность","Работаю тут в тц очень удобно"
"3","Доступность","Рядом с домом"
"3","Доступность","Рядом с домом"
"3","Доступность","Далеко от дома, а так все отлично"
"3","Доступность","Работаю рядом, постоянный покупатель"
"4","Качество товаров","Качество товара"
"4","Качество товаров","Хороший качественный товар"
"4","Качество товаров","Качество продуктов не нравится"
"4","Качество товаров","Просторный магазин Карта копилка"
"4","Качество товаров","Качественно, не дорого, но очереди"
"4","Качество товаров","Не вся продукция качественная Маленький ассортимент"
"4","Качество товаров","Все свежее"
"4","Качество товаров","Не всегда качественный товар, особенно овощи, растут цены"
"4","Качество товаров","Качество обслуживания, цены, бонус, качество товара"
"4","Качество товаров","Свежие фрукты, цены приемлемые"
"4","Качество товаров","Свежие продукты, молоко"
"4","Качество товаров","Свежие продукты, цены"
"4","Качество товаров","Выбор и качество товароа"
"4","Качество товаров","Иногда залежалые фрукты"
"4","Качество товаров","Качество товара, цена"
"4","Качество товаров","Качество"
"4","Качество товаров","Некачественный товар"
"4","Качество товаров","Свежее молоко, не прокисшее"
"4","Качество товаров","Свежее мясо плохого качества, больше не беру"
"4","Качество товаров","Хорошее качество товаров, большой выбор и цены приемлемые"
"4","Качество товаров","Хорошая продукция, недорого"
"4","Качество товаров","Хорошая продукция, недорого"
"4","Качество товаров","Свежий товар первой необходимости"
"4","Качество товаров","Есть хороший товар с приемлемой ценой"
"4","Качество товаров","Качество товара не всегда соответствует цене"
"4","Качество товаров","Испорченные овощи фрукты"
"4","Качество товаров","Качество товара, очереди"
"4","Качество товаров","Качество товара в рыбе"
"4","Качество товаров","Бывает просрочка в кондитерских товарах торты"
"4","Качество товаров","В молочке просрочки бывают"
"4","Качество товаров","Низкие цены, низкое качество"
"4","Качество товаров","Качественная продукция по хорошей цене"
"4","Качество товаров","Всегда свежие продукты, все есть, удобно расположен полки"
"4","Качество товаров","Иногда некачественные продукты, дорогие"
"4","Качество товаров","Бывает несвежие продукты, особенно рыбные и мясные"
"4","Качество товаров","Свежие продукты, не видела просрочки"
"4","Качество товаров","Хорошее качество товара, большой ассортимент, что важно для меня"
"4","Качество товаров","Довольна качеством товара, захожу каждый день практически, но уровень цен повышается"
"4","Качество товаров","Качество продукта, цена, акции"
"4","Качество товаров","Плохо перебирают фрукты, некоторые уже пора в уценку убирать"
"4","Качество товаров","Количество товара"
"4","Качество товаров","Качество товара"
"4","Качество товаров","Качество товаров отличное, красивый магазин"
"4","Качество товаров","Довольна качеством, универсальность, доступность"
"4","Качество товаров","Качество продуктов лучше, выбор боль"
"4","Качество товаров","Всегда свежий товар, хорошие фрукты, овощи"
"4","Качество товаров","Качество товара отличное, большой ассортимент"
"4","Качество товаров","Хорошее качество товара"
"4","Качество товаров","Нравятся овощи, фрукты, акции"
"4","Качество товаров","Качество фров не всегда устраивает"
"5","Комфорт магазина","Всем магазин хорош, только бывает грязно"
"5","Комфорт магазина","Хотелось, чтобы был по больше"
"5","Комфорт магазина","Нет порядка в выкладке товаров"
"5","Комфорт магазина","Грязно, неуютно в ТЗ"
"5","Комфорт магазина","Грязно"
"5","Комфорт магазина","Маленькая парковка у магазина"
"5","Комфорт магазина","Темно в зале"
"5","Комфорт магазина","Нормальный магазин, обычный"
"5","Комфорт магазина","Магазин большой, но не уютно в ТЗ"
"5","Комфорт магазина","Внешний вид магазина улучшить"
"5","Комфорт магазина","Внешний вид магазина и бывает неприятный запах особенно летом"
"5","Комфорт магазина","Магазин грязный, качество товара желает оставлять лучшего"
"5","Комфорт магазина","Чисто, рядом живу, цены дешевле"
"5","Комфорт магазина","Хороший, чисто"
"5","Комфорт магазина","Стал лучше"
"5","Комфорт магазина","Магазин как склад"
"5","Комфорт магазина","Бардак, ассортимент хороший Надо навести порядок"
"5","Комфорт магазина","Единственное что здесь хорошее, это сухое вино Похож на склад"
"5","Комфорт магазина","Захламлено"
"5","Комфорт магазина","Чистый, просторный магазиндостаточный ассортимент"
"5","Комфорт магазина","Перестановка"
"5","Комфорт магазина","Чистый магазин, расположение возле дома"
"5","Комфорт магазина","Прекрасный магазин с хорошими ценами"
"5","Комфорт магазина","Отвратный запах в магазине"
"5","Комфорт магазина","Добавить в магазин холодильный отдел"
"5","Комфорт магазина","Ужасна вонь в магазине"
"5","Комфорт магазина","Магазин внешне грязный и улучшить качество обслуживания"
"5","Комфорт магазина","Неприятный запах в магазине и хотелось бы больше качественной продукции"
"5","Комфорт магазина","Внешний вид магазина желает лучшего"
"5","Комфорт магазина","чистый магазин с ценами более приемлемыми"
"5","Комфорт магазина","В магазине чисто всегда есть товар тот что нужен"
"5","Комфорт магазина","Чистый магазин хороший ассортимент расположение к дому"
"5","Комфорт магазина","Хороший чистый магазин с хорошим ассортиментом"
"5","Комфорт магазина","Всегда чистый магазин, бывает очередь на кассе"
"5","Комфорт магазина","Внешний вид магазина"
"5","Комфорт магазина","Сделать на кассе больше места для выставления товара"
"5","Комфорт магазина","Намного лучше чем в батоне, чистый, цены приемлемые"
"5","Комфорт магазина","Чистый магазин, расположение удобное"
"5","Комфорт магазина","Внешний вид магазина, товар иногда не соответствует цена и качество"
"5","Комфорт магазина","Расширить проходы не удобно с тележками"
"5","Комфорт магазина","Низкие цены, чистый магазин, хорошее обслуживание"
"5","Комфорт магазина","Большой чистый магазин, с приемлемыми ценами"
"5","Комфорт магазина","Перестановка товара не нравится, есть все что нужно"
"5","Комфорт магазина","Улучшить внешний вид магазина"
"5","Комфорт магазина","Неприятный запах в магазине"
"5","Комфорт магазина","Просторный магазин и приемлемые цены"
"5","Комфорт магазина","Внешний вид"
"5","Комфорт магазина","Прекрасный магазин, всегда чисто"
"5","Комфорт магазина","Режим работы устраивает"
"5","Комфорт магазина","Чистый магазин, хорошее обслуживание"
"5","Комфорт магазина","Из за введение кодов вход сбоку доступный всем, там нет парковки"
"5","Комфорт магазина","Большой магазинвсе есть, что нужно "
"5","Комфорт магазина","Удобно, большой магазин, все есть, акции часто"
"5","Комфорт магазина","Чистота, сервис"
"5","Комфорт магазина","Не нравится перестановка в магазине в остальном все отлично"
"5","Комфорт магазина","Внешний вид магазина после перестановки, нет направляющих"
"5","Комфорт магазина","Внешний вид магазина, чисто, рядом возле дома"
"5","Комфорт магазина","Перестановка в магазине"
"5","Комфорт магазина","Большой магазин в торговом центре есть все что нужно"
"5","Комфорт магазина","Большой просторный магазин, хорошо видно весь товар"
"5","Комфорт магазина","Большой магазин, ассортимент, цены приемлемые"
"5","Комфорт магазина","Хороший чистый магазин после ремонта, ассортимент большой"
"5","Комфорт магазина","Перестановка не нравится"
"5","Комфорт магазина","Расположение к дому хорошая парковка, большой ассортимент"
"5","Комфорт магазина","Перестановка в магазине не нравится, теряешься"
"5","Комфорт магазина","Большой магазин с большим выбором"
"5","Комфорт магазина","Один из лучших магазинов, внешне чистый много товара"
"5","Комфорт магазина","Чистый, большой и с большим ассортиментом гепер"
"5","Комфорт магазина","Касс рабочих много, выбор большой"
"5","Комфорт магазина","Ббольшой просторный магазин с коляской очень важно"
"5","Комфорт магазина","Большой магазин и выбор, цены приемлемые"
"6","Копилка","Программа копилки изменилась не нравится, цены завышены"
"6","Копилка","Цены снизить, программу копилки изменить"
"6","Копилка","Плохая связь именно в магазине, не грузит карту копилку"
"6","Копилка","Хороший магазин, чистый и ассортимент хороший, программа лояльности сменилась не нравится"
"6","Копилка","Сколько была очередь на кассе !свободных касс много, сотрудников нет, программу лояльности сменили ужасная стала"
"6","Копилка","Карта лояльности сменилась программа не нравитсяосиавляешь много денег, а лояльности особо и нет"
"7","Нравится магазин","все нравится"
"7","Нравится магазин","все нравится"
"7","Нравится магазин","Хороший магазин"
"7","Нравится магазин","Популярный в городе магазин"
"7","Нравится магазин","Всё устраивает"
"7","Нравится магазин","Расположен далеко, но очень хороший магазин ассортимент большой"
"7","Нравится магазин","Любимый магазин"
"7","Нравится магазин","Все устраивает, кроме очередей на кассе"
"7","Нравится магазин","Хороший магазин возле дома с приемлемой ценой на товар и ассортимент"
"7","Нравится магазин","Отличный магазин"
"7","Нравится магазин","Хороший магазин возле дома, ассортимент хороший"
"7","Нравится магазин","Нам очень нравится магазин, ассортимент большой, цены приемлемые"
"7","Нравится магазин","Удобный магазин, качественная продукция"
"7","Нравится магазин","Всем довольнаПрияный сотрудники"
"7","Нравится магазин","Хороший магазин возле дома, приемлемые цены"
"7","Нравится магазин","Хороший магазин, ассортимент и цены приемлемые и возле дома"
"7","Нравится магазин","Хороший магазин с приемлемой ценой и хорошим обслуживанием"
"7","Нравится магазин","Прекрасный магазин"
"7","Нравится магазин","Хороший магазин, все устраивает Бывают очереди"
"7","Нравится магазин","Все нравится кроме очередей"
"7","Нравится магазин","Очень хороший магазин рядом с домом"
"7","Нравится магазин","Хороший магазин"
"7","Нравится магазин","Все устраивает"
"7","Нравится магазин","Удобно, цены"
"7","Нравится магазин","Все нравится"
"7","Нравится магазин","Неидеально"
"7","Нравится магазин","Все устраивает, только цены растут"
"7","Нравится магазин","Постоянно покупаю в этом магазине"
"7","Нравится магазин","Хороши"
"7","Нравится магазин","Постоянный покупатель"
"7","Нравится магазин","Нравится магазин"
"7","Нравится магазин","Нравятся цены и ассортимент"
"7","Нравится магазин","Все устраивает"
"7","Нравится магазин","Все нравится"
"7","Нравится магазин","Все нравится"
"7","Нравится магазин","Хороший магазин"
"7","Нравится магазин","Отличный магазин, часто бываю"
"7","Нравится магазин","Самый лучший из всех магазинов Хороший в городе"
"7","Нравится магазин","Все хорошо"
"7","Нравится магазин","Нравится магазин"
"7","Нравится магазин","Постоянный покупатель"
"7","Нравится магазин","Хороший магазин"
"7","Нравится магазин","Нормальный магазин"
"7","Нравится магазин","Нормальный магазин, всё есть, недалеко"
"7","Нравится магазин","Всё отлично, ждали вас"
"7","Нравится магазин","Меня всё устраивает"
"7","Нравится магазин","Всегда ходим в этот магазин"
"7","Нравится магазин","Все знают про магазин"
"7","Нравится магазин","Удобный магазин и недорого"
"7","Нравится магазин","Нормальный магазин"
"7","Нравится магазин","Все хорошо"
"7","Нравится магазин","Отличный магазин"
"7","Нравится магазин","Постоянный покупатель"
"7","Нравится магазин","Хороший магазин с хорошими ценами"
"7","Нравится магазин","Любимый магазин"
"7","Нравится магазин","Очень нравится что возле дома магазин"
"7","Нравится магазин","Отличный магазин возле дома с ценами низкими"
"7","Нравится магазин","Удобный магазин, с хоршими ценами"
"7","Нравится магазин","Хороший магазин с приемлемыми ценами"
"7","Нравится магазин","Очень хороший магазин с приемлемой ценой"
"7","Нравится магазин","Очень хороший магазин, акции, обслуживание отличное хвалю взрослую женщину кассира"
"7","Нравится магазин","Хороший магазин, большой чистый"
"7","Нравится магазин","Хороший магазин просторный, цены приемлемые"
"7","Нравится магазин","Нам все нравится и цены приемлемые и ассортимент"
"7","Нравится магазин","Очень хороший магазин, приятное обслуживание, цены приемлемые, расположение удобное"
"7","Нравится магазин","Хороший магазин с низкими ценами"
"7","Нравится магазин","Хороший магазин с приемлемыми ценами"
"7","Нравится магазин","Все устраивает"
"7","Нравится магазин","Хороший магазин Очереди"
"7","Нравится магазин","Все нравится"
"7","Нравится магазин","Люблю магазин, скидки, нравится ассортимент"
"7","Нравится магазин","Хороший магазин"
"7","Нравится магазин","Нравится, удобно расположены полки"
"7","Нравится магазин","Нет альтернативы"
"7","Нравится магазин","Нравится магазин"
"7","Нравится магазин","Бонусы с карты копилка сгорают"
"7","Нравится магазин","Чистота, порядок, ассортимент"
"7","Нравится магазин","Замечательный магазин, чистый, большой ассортимент, приемлемые цены"
"7","Нравится магазин","Нравится магазин"
"7","Нравится магазин","Хороший гипермаркет рядом с домом"
"7","Нравится магазин","Нравится магазин"
"7","Нравится магазин","Хороший магазин, нравятся овощи фрукты"
"7","Нравится магазин","Всегда пользуюсь этим магазином"
"7","Нравится магазин","Хороший магазин"
"7","Нравится магазин","Хороший магазин, ассортимент"
"7","Нравится магазин","Отличный магазин с хорошим ассортиментом"
"7","Нравится магазин","Бываю тут как приезжаю в город, нравится магазин ассортимент"
"7","Нравится магазин","Отличный магазин, большой ассортимент"
"7","Нравится магазин","Чистый магазин и большой ассортимент"
"7","Нравится магазин","Просторный магазин с большим ассортиментом"
"7","Нравится магазин","Живу далеко, но езжу только сюда, самый лучший магазин"
"7","Нравится магазин","Отличный магазин все есть, большой ассортимент"
"7","Нравится магазин","Самая лучша аллея расположен к дому очень близко, а вот по времени хотелось бы больше работал"
"7","Нравится магазин","Живём не тут, по пути заехала, большой выбор и много акций"
"7","Нравится магазин","Всем довольна"
"7","Нравится магазин","Все нравится, рядом с домом"
"7","Нравится магазин","Отличный магазин"
"7","Нравится магазин","Хороший, большой магазин"
"7","Нравится магазин","Есть всё, но далеко"
"7","Нравится магазин","Очень хороший магазин"
"7","Нравится магазин","Всё устраивает"
"7","Нравится магазин","Шикарный магазин"
"7","Нравится магазин","Все нравится"
"7","Нравится магазин","Есть всё в одном месте"
"8","Обслуживание","Хорошее обслуживание"
"8","Обслуживание","Хорошее обслуживание, расположен возле дома"
"8","Обслуживание","Всегда чистота и порядокСотрудники молодцы"
"8","Обслуживание","Качество продукции могло бы быть лучше"
"8","Обслуживание","Нет ценников"
"8","Обслуживание","Приветливые сотрудники"
"8","Обслуживание","Понимающие сотрудникиВсегда подскажут и помогут"
"8","Обслуживание","Нет ценников, не соответствует цены"
"8","Обслуживание","Нет ценников на товар"
"8","Обслуживание","Нравится выкладка, обслуживание и цены, свежие фрукты"
"8","Обслуживание","Ценники не соответствуют"
"8","Обслуживание","Измените часы работы"
"8","Обслуживание","Не всегда можно найти ценники на товар"
"8","Обслуживание","Ценники беспорядочно"
"8","Обслуживание","Все добрые здесь"
"8","Обслуживание","Не хватает работников на кассе"
"8","Обслуживание","Нет ценников"
"8","Обслуживание","Не всегда есть ценники"
"8","Обслуживание","Обслуживание"
"8","Обслуживание","Нет ценников и часто очереди на кассах"
"8","Обслуживание","Перестановка не нравится, обслуживание отличное"
"8","Обслуживание","Хорошее обслуживание, хорошие цены"
"8","Обслуживание","Хорошие девочки, обслуживание"
"8","Обслуживание","Ценники не соответствуют товару на один товар три цены разные"
"8","Обслуживание","Обслуживание храмает и качество товара в фруктах и овощах"
"8","Обслуживание","Хорошее обслуживание, внешний вид чистый, цены приемлемые"
"8","Обслуживание","Хорошее обслуживание и ассортимент"
"8","Обслуживание","Хорошее обслуживание, ассортимент хороший"
"8","Обслуживание","Цееник один на кассе цена другая очередь на кассе"
"8","Обслуживание","Добавить весы для покупателей"
"8","Обслуживание","Овощи фрукты цены как попало"
"8","Обслуживание","Хорошее обслуживание, возле дома магазин, цены приемлемые"
"8","Обслуживание","Время работы увеличить"
"8","Обслуживание","Добавить весы в магазин"
"8","Обслуживание","Поставить весы на фрукты, овощи"
"8","Обслуживание","Хорошее обслуживание, Юлия Валерьевна, Надежда Вадимовна лучшие продавцы"
"8","Обслуживание","Хорошее обслуживание, внешний вид"
"8","Обслуживание","Нет цен на многий товар, в течении двух недель прихожу цены на имбирь так и нет"
"8","Обслуживание","В торговом зале частно нет сотрудниковв ассортименте есть все что нужно"
"8","Обслуживание","Не бывает цен на товар"
"8","Обслуживание","Цен на многий товар нет"
"8","Обслуживание","Живём не тут, но заезжаем сюда как бываем в городехорошее обслуживание, большой ассортимент"
"8","Обслуживание","Хорошее обслуживание"
"8","Обслуживание","Постоянно меняют товар с места на место"
"8","Обслуживание","Учусь и живу тут, хожу сюда постояннобольшой ассортимент, хорошее обслуживание"
"8","Обслуживание","Общитывают на кассах, просроченный товар, ценники не соответствует"
"8","Обслуживание","Очередь на кассе и касса самообслуживания не разбираюсь в ней"
"8","Обслуживание","Просторный магазин, с хорошим обслуживанием и ценами"
"8","Обслуживание","Самой нравится, долго обслуживание"
"8","Обслуживание","Внешний вид магазина, качество обслуживания, приемлемые цены"
"8","Обслуживание","Есть товар где нет цен"
"8","Обслуживание","Хотелось бы кассы самообслуживания"
"8","Обслуживание","Цены отсутствуют на товар"
"8","Обслуживание","Качество обслуживания, внешний вид после перестановки"
"8","Обслуживание","Расположение отличное возле дома, обслуживание на кассе ужасное"
"8","Обслуживание","Работает тут в Тц, обслуживание хорошее, большой ассортимент"
"8","Обслуживание","Когда нужен консультан не найти"
"8","Обслуживание","Хорошее обслуживание, рядом с домом"
"8","Обслуживание","Вежливый персонал, чисто, ассортимент большой"
"9","Очереди","Хорошо, что кассы стоят в разных местах в магазине, нет очереди"
"9","Очереди","Все удобно, очередь на кассах"
"9","Очереди","Плохо работают кассиры"
"9","Очереди","Бывают очереди на кассах"
"9","Очереди","Одна рабочая касса"
"9","Очереди","Нравится ассортимент, часто очереди, помощь персонала"
"9","Очереди","Работают только одни весы, из-за этого очередь"
"9","Очереди","Очереди"
"9","Очереди","Очереди в часы в пик"
"9","Очереди","Разнообразие в ассортименте мало в кормах для животных и очередь на кассе"
"9","Очереди","Очень часто один кассир, очередь на кассу"
"9","Очереди","Бываю редко, очередь на кассу в вечернее время"
"9","Очереди","Очередь на кассе в работе одна касса"
"9","Очереди","Расположен дальше от дома и на кассах очередь, работает одна касса"
"9","Очереди","Не а кассе очередь, сотрудников не хватаетв магазине грязно"
"9","Очереди","Очередь на кассе, Расположен далеко от дома"
"9","Очереди","очередь на кассах"
"9","Очереди","Работает одна касса"
"9","Очереди","Очередь на кассе, больше скидок"
"9","Очереди","Очередь на кассе"
"9","Очереди","На кассе очередь бывает, хотелось бы больше акций в магазине"
"9","Очереди","В работе одни весы народу много нужны ещё одни"
"9","Очереди","На кассах очередь, тележек не хватает"
"9","Очереди","Узкие проходы, очередь на кассах"
"9","Очереди","Очередь на кассе"
"9","Очереди","Очередь на кассе"
"9","Очереди","По пути заезжаем низкие цены, на кассе очередь бывает часто"
"9","Очереди","Очередь на кассе"
"9","Очереди","Очередь на кассе, в качестве продукции рыба плохое"
"9","Очереди","Очередь на кассе"
"9","Очереди","Хорошая качественная продукция Всегда очередь на кассе"
"9","Очереди","Мало рабочих касс"
"9","Очереди","Иногда очереди на кассах, ассортимент хороший"
"9","Очереди","На кассе очередь, в работе одна касса, хотелось бы чтоб расширили роботу касс"
"9","Очереди","Очереди на кассе, качество овощей не устраивает"
"10","СП","Удобное расположение всегда свежий хлеб"
"10","СП","Всегда вкусная выпечка"
"10","СП","Очень вкусный хлеб, расположен рядом с домом"
"10","СП","Вкусная выпечка Хороший ассортимент"
"10","СП","Берем тут всегда хлеб свежий"
"10","СП","Рядом живу Хорошая выпечка, фрукты Очереди на кассе"
"10","СП","Хорошая выпечка, но не понятно когда выпекали, нет даты"
"10","СП","Цены приемлемые, разнообразие, вкусный хлеб, недорого курица"
"10","СП","Нравится хлеб"
"10","СП","Свежий хлеб"
"10","СП","Собственная выпечка хорошего качества"
"10","СП","Собственное производство хлеба порадовало"
"10","СП","Качество фров, вкусный хлеб"
"10","СП","Очень вкусный хлеб, увеличить ассортимент в кондитерских изделиях и овощах и фруктах"
"10","СП","Цены на хлеб высокие, не переставляли товар с места на место"
"10","СП","Всегда Свежая выпечка"
"10","СП","Вкусные хб изделия Умеренные цены"
"10","СП","Хороший хлебушек, но дорогой"
"10","СП","Хорошая еда, которую они сами готовят"
"10","СП","Пирожки и выпечка, тк рядом работаю"
"10","СП","Нравится, хлеб свежий, большой выбор молока, скидки"
"10","СП","Очень вкусный хлеб и живём рядом"
"10","СП","Нравится кулинария"
"10","СП","Хлеб нравится, мало акций"
"10","СП","Кулинария хорошая, акций мало"
"10","СП","Нравится кулинария, выпечка"
"10","СП","Хорошая кулинария"
"10","СП","Нравится кулинария, хлеб"
"10","СП","Хорошая кулинария"
"10","СП","Хорошая выпечка, приемлемые цены"
"10","СП","Вкусная выпечка, готовая продукция"
"10","СП","Оболденная, всегда свежая выпечка"
"10","СП","Покупаю готовую продукциюВсе вкусное и свежее"
"11","Цены","Далеко от дома, прихожу редко, цены высокие для пенсионеров"
"11","Цены","Цены непонятно на что во фруктах не разберешься"
"11","Цены","Есть всё Качественно не дорого"
"11","Цены","Дорого"
"11","Цены","Приемлемые цены Иногда отсутствуют ценники"
"11","Цены","Хорошие цены, продукция Внешний вид не устраивает"
"11","Цены","Цены"
"11","Цены","Приемлемые цены"
"11","Цены","Цены, ассортимент"
"11","Цены","Цены приемлемые"
"11","Цены","Цены более менее, далеко ходить не надо"
"11","Цены","Выгодные покупки"
"11","Цены","Лояльные цены"
"11","Цены","Большой просторный магазин, цены адекватные"
"11","Цены","Недорогие сигареты есть"
"11","Цены","Доступные цены"
"11","Цены","Цены ниже, чем у других"
"11","Цены","Езжу с деревни закупаться, выгодно"
"11","Цены","Доступные цены"
"11","Цены","Цены и выбор"
"11","Цены","Приемлемые цены"
"11","Цены","Большинство товаров, низкие цены"
"11","Цены","Цены"
"11","Цены","Цены не завышены"
"11","Цены","Цены приемлемые"
"11","Цены","Более менее соответствует цена и качество"
"11","Цены","Ценовая категория"
"11","Цены","Цены ниже чем в магните"
"11","Цены","Привлекательные цены"
"11","Цены","Хорошие цены и ассортимент"
"11","Цены","Доступные цены"
"11","Цены","Цены, ассортимент"
"11","Цены","Приятные цены"
"11","Цены","Цены приемлемые"
"11","Цены","Цены приятно удивляют, рядом живём"
"11","Цены","Цены высокие, магазин внешне не радует"
"11","Цены","Цены приемлемые"
"11","Цены","Высокие цены"
"11","Цены","Снизить цены, высокие"
"11","Цены","Приятные цены и живём близко, но увеличить ассортимент фруктов и овощей"
"11","Цены","Цены приемлемые"
"11","Цены","Некоторые товары подешевле"
"11","Цены","Цены дешевые"
"11","Цены","ДешевЛе, аккуратнее"
"11","Цены","Цены более или менее, тесно"
"11","Цены","Ходим где подешевле"
"11","Цены","Все знают, чаще бываю в большом магазине Хороший"
"11","Цены","Самый дешёвый из всех Хороших"
"11","Цены","Цены приемлемые"
"11","Цены","Дешевле"
"11","Цены","Дешевле некотОрый товар"
"11","Цены","Хорошие цены"
"11","Цены","Покупаю только здесь"
"11","Цены","Приемлемые цены"
"11","Цены","Цены приятные, ассортимент хороший"
"11","Цены","Неприятный запах в магазин, цены высокие"
"11","Цены","Хорошие цены достаточно ассортимента"
"11","Цены","Цены нравятся приятные и расположение"
"11","Цены","Бываю редко, но цены на некоторый товар хорошие, а так высокие"
"11","Цены","Хотелось бы снизить цены"
"11","Цены","Хороший дисконт магазин с хорошими ценами"
"11","Цены","Отличные цены и достаточно ассортимента"
"11","Цены","Уровень цен радует"
"11","Цены","Для пенсионеров нормальные цены"
"11","Цены","Захожу по пути, приемлемые цены"
"11","Цены","магазин с хорошими ценами"
"11","Цены","Цены хорошие"
"11","Цены","Цены где попала или отсутствуют"
"11","Цены","Цены не соответствуют товару, обслуживание на кассе ужасное"
"11","Цены","Я пенсионер и для меня это приемлемый магазин с ценами"
"11","Цены","Высокие цены хотелось бы снизить"
"11","Цены","Цены высокие, больше акций хотелось бы"
"11","Цены","Цены приемлемые, ассортимент хороший"
"11","Цены","Высокие цены"
"11","Цены","Цены высокие, а возле дома очень хорошее расположение"
"11","Цены","Цены и ассортимент большой"
"11","Цены","Высокие цены"
"11","Цены","Цены высокие"
"11","Цены","Цены выше чем в бетоне"
"11","Цены","Цены высокие, больше акций"
"11","Цены","Цены низкие"
"11","Цены","Ходим всегда только сюда, цены приемлемые и расположен с домом"
"11","Цены","Цены приемлемые пенсионеру подходит магазин"
"11","Цены","Цены высокие хотелось бы по ниже"
"11","Цены","Снизить цены"
"11","Цены","Высокие цены"
"11","Цены","Ассортимента мало, цены высокие"
"11","Цены","Близко к дому, цены высокие, акций очень мало"
"11","Цены","Цены приемлемые и ассортимент хороший"
"11","Цены","Цены высокие, расположение далеко от дома"
"11","Цены","Цены низкие достаточно ассортимента"
"11","Цены","Хотелось бы цены ниже"
"11","Цены","Магазин с ценами дешёвыми, очень нравитс этот сагазин"
"11","Цены","Цены приемлемые"
"11","Цены","Низкие цены"
"11","Цены","Приемлемые цены, есть товар ниже чем в других магазинах"
"11","Цены","Низкие цены"
"11","Цены","Цены высокие"
"11","Цены","Низкие цены"
"11","Цены","Приемлемые цены"
"11","Цены","Хотелось бы снизить цены"
"11","Цены","Живём рядом, хотелось бы больше акций и снизить цены"
"11","Цены","Хороший большой ассортимент низкие цены"
"11","Цены","Низкие цены, большой ассортимент"
"11","Цены","Низкие цены"
"11","Цены","Приемлемые цены большой ассортимент"
"11","Цены","Снизить цены"
"11","Цены","Низкие цены"
"11","Цены","Цены низкие"
"11","Цены","Снизить цены"
"11","Цены","Снизить цены"
"11","Цены","Низкие цены"
"11","Цены","Снизить цены"
"11","Цены","Приемлемые цены"
"11","Цены","Высокие цены"
"11","Цены","Снизить цены, а так отличный просторный магазин"
"11","Цены","Завышены цены"
"11","Цены","Хорошие цены, есть товар первой необходимости"
"11","Цены","Цены стали высокие"
"11","Цены","Цены на кассе отличаются от цены, нет цен на товар весы в торговый зал поставить"
"11","Цены","Низкие цены"
"11","Цены","Цены приятные, хорошее обслуживание"
"11","Цены","Цены высокие"
"11","Цены","Высокие цены, снизить "
"11","Цены","Низкие цены"
"11","Цены","Низкие цены"
"11","Цены","Цены ниже чем в других магазинах"
"11","Цены","Свежие продукты, низкие цены"
"11","Цены","Не дорого"
"11","Цены","Дороговато Постоянно очереди"
"11","Цены","Цены высокие"
"11","Цены","Цены демократичны"
"11","Цены","Свежий вкусный хлеб, но цена завышена"
"11","Цены","Высокие цены"
"11","Цены","Цены высоковаты, из за кодов стали реже ходить"
"11","Цены","Цены высокие хотелось бы больше акций"
"11","Цены","Цена, есть товары, которые завышенные"
"11","Цены","Цены, выбор"
"11","Цены","Цены хорошие"
"11","Цены","Дорого и далеко от дома"
"11","Цены","Нормальные цены и большой ассортимент"
"11","Цены","Цены высокие"
"11","Цены","Высокие цены, но товару достаточно"
"11","Цены","Цены высокие"
"11","Цены","Цены высоковаты, но скидки радуют"
"11","Цены","Цены высокие"
"11","Цены","Дороговато если не по акции"
"11","Цены","Дорогой магазин"
"11","Цены","Ассортимент нравится, цены высокие"
"11","Цены","Дорого"
"11","Цены","Дороговато"
"11","Цены","Дорогой магазин"
"11","Цены","Большой ассортимент, дорого"
"11","Цены","Цены высокие"
"11","Цены","Хотелось бы снизить цены"
"11","Цены","Приезжие, бываем редко цены высоковаты"
"11","Цены","Цены высокие без копилки карты сюда не хожу"
"11","Цены","Цены высокие, но ассортимент большой нравится"
"11","Цены","Цены высокие"
"11","Цены","Цены высокие, но нравится, что акций достаточно"
"11","Цены","Уровень цены высокий"
"11","Цены","Приемлемые цены, большой выбор"
"11","Цены","Цены приемлемые, но хотелось бы по ниже"
"11","Цены","Высокие цены"
"11","Цены","Высокие цены"
"11","Цены","Дорого"
"11","Цены","Высокие цены, покупаю продукцию только по акциям"
"11","Цены","Без карты очень дорого"
"11","Цены","Цены нормальные, качество хорошее"
"11","Цены","Дорого, всегда очереди"
